time,vs,hs,dist,alt,ang,fuel,acc
0.00,24.800000,932.000000,181000.00,13748.000000,58.300000,121.000000,0.000000
1.00,25.532762,932.000000,180068.00,13722.467238,58.300000,120.879255,1.198599
2.00,25.635695,930.980219,179137.02,13696.831543,58.300000,120.706968,1.711271
3.00,25.470206,929.524251,178207.50,13671.361336,58.300000,120.552385,1.536263
4.00,25.398068,928.217181,177279.28,13645.963269,58.300000,120.446421,1.053464
5.00,25.580874,927.320881,176351.96,13620.382395,58.300000,120.379216,0.668289
6.00,25.966934,926.752294,175425.21,13594.415461,58.300000,120.321274,0.576300
7.00,26.401874,926.261972,174498.94,13568.013588,58.300000,120.247480,0.734156
8.00,26.754333,925.637344,173573.31,13541.259255,58.300000,120.149527,0.974836
9.00,26.980917,924.807943,172648.50,13514.278338,58.300000,120.034238,1.147830
10.00,27.117389,923.831356,171724.67,13487.160948,58.300000,119.914090,1.196718
11.00,27.229104,922.813175,170801.85,13459.931844,58.300000,119.798188,1.154889
12.00,27.363771,921.830583,169880.02,13432.568073,58.300000,119.688550,1.092902
13.00,27.531947,920.900730,168959.12,13405.036125,58.300000,119.581741,1.065089
14.00,27.715626,919.994541,168039.13,13377.320500,58.300000,119.472935,1.085432
15.00,27.889479,919.071044,167120.06,13349.431020,58.300000,119.359195,1.135089
16.00,28.038120,918.105298,166201.95,13321.392900,58.300000,119.240466,1.185385
17.00,28.161253,917.096759,165284.85,13293.231647,58.300000,119.118564,1.217585
18.00,28.268429,916.060824,164368.79,13264.963218,58.300000,118.995508,1.229638
19.00,28.370259,915.014634,163453.78,13236.592959,58.300000,118.872365,1.231053
20.00,28.472344,913.967240,162539.81,13208.120616,58.300000,118.749055,1.233247
21.00,28.574275,912.917980,161626.89,13179.546341,58.300000,118.624878,1.242464
22.00,28.672365,911.860878,160715.03,13150.873976,58.300000,118.499179,1.258257
23.00,28.763164,910.790339,159804.24,13122.110812,58.300000,118.371736,1.276284
24.00,28.845511,909.704462,158894.54,13093.265301,58.300000,118.242759,1.292231
25.00,28.920515,908.605017,157985.93,13064.344786,58.300000,118.112643,1.304240
26.00,28.990258,907.495355,157078.44,13035.354528,58.300000,117.981709,1.313051
27.00,29.056429,906.378197,156172.06,13006.298098,58.300000,117.850081,1.320629
28.00,29.119685,905.254591,155266.80,12977.178414,58.300000,117.717718,1.328620
29.00,29.179813,904.124186,154362.68,12947.998601,58.300000,117.584527,1.337564
30.00,29.236320,902.986172,153459.69,12918.762280,58.300000,117.450458,1.347019
31.00,29.288945,901.840113,152557.85,12889.473336,58.300000,117.315540,1.356196
32.00,29.337840,900.686246,151657.17,12860.135495,58.300000,117.179857,1.364545
33.00,29.383450,899.525276,150757.64,12830.752045,58.300000,117.043499,1.371987
34.00,29.426257,898.357974,149859.28,12801.325788,58.300000,116.906532,1.378797
35.00,29.466599,897.184878,148962.10,12771.859189,58.300000,116.768982,1.385330
36.00,29.504627,896.006224,148066.09,12742.354561,58.300000,116.630858,1.391798
37.00,29.540382,894.822067,147171.27,12712.814180,58.300000,116.492166,1.398218
38.00,29.573892,893.632447,146277.64,12683.240287,58.300000,116.352921,1.404481
39.00,29.605247,892.437499,145385.20,12653.635040,58.300000,116.213151,1.410474
40.00,29.634592,891.237452,144493.96,12624.000448,58.300000,116.072889,1.416149
41.00,29.662101,890.032577,143603.93,12594.338347,58.300000,115.932163,1.421538
42.00,29.687927,888.823117,142715.11,12564.650420,58.300000,115.790997,1.426709
43.00,29.712190,887.609257,141827.50,12534.938230,58.300000,115.649406,1.431726
44.00,29.734975,886.391129,140941.11,12505.203254,58.300000,115.507403,1.436615
45.00,29.756353,885.168840,140055.94,12475.446901,58.300000,115.365002,1.441376
46.00,29.776396,883.942502,139172.00,12445.670505,58.300000,115.222217,1.445992
47.00,29.795183,882.712236,138289.28,12415.875322,58.300000,115.079065,1.450456
48.00,29.812798,881.478172,137407.81,12386.062524,58.300000,114.935561,1.454772
49.00,29.829323,880.240436,136527.57,12356.233201,58.300000,114.791718,1.458957
50.00,29.844830,878.999140,135648.57,12326.388371,58.300000,114.647547,1.463028
51.00,29.859381,877.754379,134770.81,12296.528989,58.300000,114.503060,1.467000
52.00,29.873034,876.506239,133894.31,12266.655956,58.300000,114.358266,1.470878
53.00,29.885839,875.254800,133019.05,12236.770117,58.300000,114.213174,1.474666
54.00,29.897848,874.000137,132145.05,12206.872269,58.300000,114.067795,1.478365
55.00,29.909109,872.742328,131272.31,12176.963160,58.300000,113.922136,1.481980
56.00,29.919672,871.481443,130400.83,12147.043488,58.300000,113.776205,1.485515
57.00,29.929581,870.217551,129530.61,12117.113907,58.300000,113.630012,1.488977
58.00,29.938875,868.950712,128661.66,12087.175031,58.300000,113.483562,1.492374
59.00,29.947594,867.680984,127793.98,12057.227438,58.300000,113.336862,1.495709
60.00,29.955771,866.408418,126927.57,12027.271666,58.300000,113.189918,1.498987
61.00,29.963440,865.133063,126062.44,11997.308226,58.300000,113.042736,1.502211
62.00,29.970633,863.854965,125198.58,11967.337593,58.300000,112.895321,1.505382
63.00,29.977377,862.574169,124336.01,11937.360216,58.300000,112.747679,1.508506
64.00,29.983703,861.290715,123474.72,11907.376513,58.300000,112.599814,1.511585
65.00,29.989635,860.004642,122614.71,11877.386877,58.300000,112.451732,1.514622
66.00,29.995199,858.715985,121756.00,11847.391679,58.300000,112.303435,1.517621
67.00,30.000416,857.424776,120898.57,11817.391263,58.300000,112.154929,1.520584
68.00,30.005308,856.131046,120042.44,11787.385955,58.300000,112.006216,1.523514
69.00,30.009895,854.834823,119187.61,11757.376061,58.300000,111.857300,1.526412
70.00,30.014195,853.536135,118334.07,11727.361865,58.300000,111.708185,1.529281
71.00,30.018228,852.235006,117481.83,11697.343637,58.300000,111.558874,1.532123
72.00,30.022008,850.931459,116630.90,11667.321629,58.300000,111.409368,1.534939
73.00,30.025553,849.625516,115781.28,11637.296076,58.300000,111.259672,1.537732
74.00,30.028875,848.317196,114932.96,11607.267201,58.300000,111.109788,1.540504
75.00,30.031990,847.006518,114085.95,11577.235211,58.300000,110.959717,1.543255
76.00,30.034909,845.693500,113240.26,11547.200302,58.300000,110.809462,1.545988
77.00,30.037645,844.378156,112395.88,11517.162657,58.300000,110.659026,1.548703
78.00,30.040210,843.060502,111552.82,11487.122447,58.300000,110.508410,1.551402
79.00,30.042613,841.740552,110711.08,11457.079834,58.300000,110.357616,1.554087
80.00,30.044865,840.418318,109870.66,11427.034969,58.300000,110.206645,1.556758
81.00,30.046975,839.093811,109031.57,11396.987995,58.300000,110.055500,1.559416
82.00,30.048951,837.767042,108193.80,11366.939043,58.300000,109.904181,1.562063
83.00,30.050803,836.438021,107357.36,11336.888240,58.300000,109.752691,1.564700
84.00,30.052538,835.106757,106522.26,11306.835703,58.300000,109.601030,1.567326
85.00,30.054162,833.773259,105688.48,11276.781541,58.300000,109.449199,1.569944
86.00,30.055683,832.437533,104856.05,11246.725857,58.300000,109.297201,1.572554
87.00,30.057108,831.099587,104024.95,11216.668750,58.300000,109.145035,1.575156
88.00,30.058441,829.759427,103195.19,11186.610309,58.300000,108.992704,1.577752
89.00,30.059689,828.417059,102366.77,11156.550620,58.300000,108.840207,1.580341
90.00,30.060857,827.072487,101539.70,11126.489762,58.300000,108.687546,1.582926
91.00,30.061950,825.725716,100713.97,11096.427812,58.300000,108.534722,1.585505
92.00,30.062973,824.376751,99889.60,11066.364839,58.300000,108.381735,1.588080
93.00,30.063929,823.025594,99066.57,11036.300910,58.300000,108.228586,1.590652
94.00,30.064824,821.672250,98244.90,11006.236086,58.300000,108.075276,1.593220
95.00,30.065660,820.316721,97424.58,10976.170426,58.300000,107.921805,1.595785
96.00,30.066441,818.959009,96605.62,10946.103985,58.300000,107.768175,1.598348
97.00,30.067172,817.599117,95788.02,10916.036813,58.300000,107.614385,1.600909
98.00,30.067854,816.237046,94971.79,10885.968960,58.300000,107.460436,1.603468
99.00,30.068491,814.872798,94156.91,10855.900469,58.300000,107.306329,1.606025
100.00,30.069085,813.506374,93343.41,10825.831384,58.300000,107.152064,1.608582
101.00,30.069640,812.137774,92531.27,10795.761743,58.300000,106.997642,1.611138
102.00,30.070158,810.767000,91720.50,10765.691585,58.300000,106.843062,1.613694
103.00,30.070640,809.394051,90911.11,10735.620945,58.300000,106.688326,1.616249
104.00,30.071090,808.018929,90103.09,10705.549855,58.300000,106.533434,1.618805
105.00,30.071509,806.641632,89296.45,10675.478346,58.300000,106.378385,1.621361
106.00,30.071899,805.262160,88491.19,10645.406447,58.300000,106.223181,1.623917
107.00,30.072262,803.880513,87687.30,10615.334185,58.300000,106.067822,1.626474
108.00,30.072599,802.496691,86884.81,10585.261586,58.300000,105.912307,1.629032
109.00,30.072912,801.110692,86083.70,10555.188674,58.300000,105.756638,1.631592
110.00,30.073203,799.722516,85283.97,10525.115470,58.300000,105.600814,1.634152
111.00,30.073473,798.332161,84485.64,10495.041997,58.300000,105.444836,1.636714
112.00,30.073723,796.939626,83688.70,10464.968274,58.300000,105.288703,1.639278
113.00,30.073955,795.544910,82893.16,10434.894319,58.300000,105.132417,1.641844
114.00,30.074169,794.148011,82099.01,10404.820149,58.300000,104.975977,1.644411
115.00,30.074367,792.748927,81306.26,10374.745782,58.300000,104.819383,1.646981
116.00,30.074550,791.347658,80514.91,10344.671233,58.300000,104.662636,1.649553
117.00,30.074718,789.944200,79724.97,10314.596515,58.300000,104.505736,1.652127
118.00,30.074872,788.538552,78936.43,10284.521643,58.300000,104.348683,1.654703
119.00,30.075014,787.130713,78149.30,10254.446629,58.300000,104.191476,1.657282
120.00,30.075144,785.720679,77363.58,10224.371484,58.300000,104.034117,1.659863
121.00,30.075263,784.308448,76579.27,10194.296221,58.300000,103.876605,1.662448
122.00,30.075371,782.894020,75796.38,10164.220850,58.300000,103.718941,1.665035
123.00,30.075470,781.477390,75014.90,10134.145380,58.300000,103.561124,1.667624
124.00,30.075559,780.058556,74234.84,10104.069821,58.300000,103.403154,1.670217
125.00,30.075640,778.637517,73456.20,10073.994181,58.300000,103.245033,1.672813
126.00,30.075712,777.214269,72678.99,10043.918469,58.300000,103.086759,1.675412
127.00,30.075777,775.788810,71903.20,10013.842692,58.300000,102.928333,1.678014
128.00,30.075835,774.361138,71128.84,9983.766857,58.300000,102.769755,1.680619
129.00,30.075886,772.931249,70355.91,9953.690971,58.300000,102.611024,1.683227
130.00,30.075930,771.499141,69584.41,9923.615041,58.300000,102.452143,1.685839
131.00,30.075969,770.064810,68814.34,9893.539072,58.300000,102.293109,1.688454
132.00,30.076002,768.628255,68045.72,9863.463070,58.300000,102.133923,1.691072
133.00,30.076030,767.189472,67278.53,9833.387040,58.300000,101.974586,1.693694
134.00,30.076053,765.748459,66512.78,9803.310987,58.300000,101.815097,1.696319
135.00,30.076071,764.305212,65748.47,9773.234916,58.300000,101.655457,1.698948
136.00,30.076085,762.859728,64985.61,9743.158831,58.300000,101.495665,1.701580
137.00,30.076095,761.412005,64224.20,9713.082736,58.300000,101.335721,1.704216
138.00,30.076101,759.962039,63464.24,9683.006635,58.300000,101.175626,1.706856
139.00,30.076104,758.509827,62705.73,9652.930531,58.300000,101.015380,1.709499
140.00,30.076103,757.055366,61948.67,9622.854429,58.300000,100.854982,1.712146
141.00,30.076099,755.598654,61193.07,9592.778330,58.300000,100.694433,1.714797
142.00,30.076092,754.139686,60438.94,9562.702238,58.300000,100.533733,1.717451
143.00,30.076082,752.678459,59686.26,9532.626156,58.300000,100.372882,1.720109
144.00,30.076069,751.214971,58935.04,9502.550087,58.300000,100.211879,1.722771
145.00,30.076055,749.749218,58185.29,9472.474032,58.300000,100.050725,1.725437
146.00,30.076037,748.281197,57437.01,9442.397995,58.300000,99.889420,1.728107
147.00,30.076018,746.810905,56690.20,9412.321977,58.300000,99.727964,1.730780
148.00,30.075997,745.338338,55944.86,9382.245980,58.300000,99.566357,1.733458
149.00,30.075973,743.863493,55201.00,9352.170007,58.300000,99.404599,1.736139
150.00,30.075948,742.386366,54458.61,9322.094059,58.300000,99.242690,1.738824
151.00,30.075921,740.906955,53717.71,9292.018138,58.300000,99.080630,1.741514
152.00,30.075893,739.425256,52978.28,9261.942245,58.300000,98.918419,1.744207
153.00,30.075863,737.941265,52240.34,9231.866382,58.300000,98.756057,1.746904
154.00,30.075831,736.454980,51503.88,9201.790551,58.300000,98.593545,1.749605
155.00,30.075799,734.966396,50768.92,9171.714752,58.300000,98.430881,1.752311
156.00,30.075765,733.475511,50035.44,9141.638987,58.300000,98.268067,1.755020
157.00,30.075730,731.982321,49303.46,9111.563258,58.300000,98.105102,1.757733
158.00,30.075693,730.486822,48572.97,9081.487564,58.300000,97.941986,1.760451
159.00,30.075656,728.989011,47843.98,9051.411908,58.300000,97.778719,1.763172
160.00,30.075618,727.488884,47116.49,9021.336290,58.300000,97.615302,1.765898
161.00,30.075579,725.986439,46390.51,8991.260712,58.300000,97.451734,1.768627
162.00,30.075539,724.481671,45666.03,8961.185173,58.300000,97.288015,1.771361
163.00,30.075498,722.974577,44943.05,8931.109675,58.300000,97.124146,1.774099
164.00,30.075456,721.465154,44221.59,8901.034219,58.300000,96.960126,1.776841
165.00,30.075414,719.953397,43501.63,8870.958805,58.300000,96.795956,1.779588
166.00,30.075371,718.439305,42783.19,8840.883435,58.300000,96.631635,1.782338
167.00,30.075327,716.922872,42066.27,8810.808108,58.300000,96.467164,1.785093
168.00,30.075283,715.404095,41350.87,8780.732825,58.300000,96.302542,1.787851
169.00,30.075238,713.882971,40636.98,8750.657587,58.300000,96.137770,1.790614
170.00,30.075192,712.359497,39924.62,8720.582395,58.300000,95.972847,1.793382
171.00,30.075146,710.833668,39213.79,8690.507248,58.300000,95.807774,1.796153
172.00,30.075100,709.305481,38504.49,8660.432148,58.300000,95.642551,1.798929
173.00,30.075053,707.774932,37796.71,8630.357095,58.300000,95.477177,1.801709
174.00,30.075006,706.242019,37090.47,8600.282089,58.300000,95.311653,1.804493
175.00,30.074958,704.706736,36385.76,8570.207131,58.300000,95.145978,1.807281
176.00,30.074910,703.169081,35682.59,8540.132221,58.300000,94.980154,1.810074
177.00,30.074862,701.629051,34980.96,8510.057359,58.300000,94.814179,1.812871
178.00,30.074813,700.086640,34280.88,8479.982547,58.300000,94.648054,1.815672
179.00,30.074764,698.541846,33582.34,8449.907783,58.300000,94.481779,1.818477
180.00,30.074714,696.994665,32885.34,8419.833069,58.300000,94.315354,1.821287
181.00,30.074664,695.445094,32189.90,8389.758405,58.300000,94.148778,1.824101
182.00,30.074614,693.893128,31496.00,8359.683790,58.300000,93.982053,1.826920
183.00,30.074564,692.338764,30803.66,8329.609226,58.300000,93.815178,1.829743
184.00,30.074513,690.781999,30112.88,8299.534713,58.300000,93.648152,1.832570
185.00,30.074463,689.222828,29423.66,8269.460250,58.300000,93.480977,1.835401
186.00,30.074412,687.661248,28736.00,8239.385838,58.300000,93.313652,1.838237
187.00,30.074360,686.097256,28049.90,8209.311478,58.300000,93.146177,1.841077
188.00,30.074309,684.530847,27365.37,8179.237169,58.300000,92.978552,1.843922
189.00,30.074257,682.962017,26682.41,8149.162912,58.300000,92.810777,1.846771
190.00,30.074205,681.390764,26001.02,8119.088706,58.300000,92.642853,1.849624
191.00,30.074153,679.817083,25321.20,8089.014553,58.300000,92.474779,1.852482
192.00,30.074101,678.240971,24642.96,8058.940451,58.300000,92.306555,1.855344
193.00,30.074049,676.662424,23966.30,8028.866402,58.300000,92.138181,1.858211
194.00,30.073996,675.081438,23291.21,7998.792406,58.300000,91.969658,1.861081
195.00,30.073944,673.498009,22617.72,7968.718462,58.300000,91.800985,1.863957
196.00,30.073891,671.912134,21945.80,7938.644571,58.300000,91.632163,1.866837
197.00,30.073838,670.323808,21275.48,7908.570734,58.300000,91.463191,1.869721
198.00,30.073785,668.733029,20606.75,7878.496949,58.300000,91.294070,1.872610
199.00,30.073732,667.139792,19939.61,7848.423217,58.300000,91.124799,1.875503
200.00,30.073678,665.544094,19274.06,7818.349539,58.300000,90.955379,1.878400
201.00,30.073625,663.945930,18610.12,7788.275914,58.300000,90.785810,1.881302
202.00,30.073571,662.345297,17947.77,7758.202343,58.300000,90.616091,1.884209
203.00,30.073517,660.742191,17287.03,7728.128825,58.300000,90.446223,1.887120
204.00,30.073464,659.136608,16627.89,7698.055362,58.300000,90.276206,1.890035
205.00,30.073410,657.528545,15970.37,7667.981952,58.300000,90.106040,1.892955
206.00,30.073356,655.917998,15314.45,7637.908596,58.300000,89.935724,1.895880
207.00,30.073302,654.304962,14660.14,7607.835295,58.300000,89.765260,1.898809
208.00,30.073247,652.689434,14007.45,7577.762047,58.300000,89.594646,1.901743
209.00,30.073193,651.071410,13356.38,7547.688854,58.300000,89.423884,1.904681
210.00,30.073139,649.450887,12706.93,7517.615716,58.300000,89.252972,1.907623
211.00,30.073084,647.827860,12059.10,7487.542632,58.300000,89.081912,1.910570
212.00,30.073030,646.202325,11412.90,7457.469602,58.300000,88.910703,1.913522
213.00,30.072975,644.574279,10768.33,7427.396627,58.300000,88.739345,1.916478
214.00,30.072920,642.943718,10125.38,7397.323707,58.300000,88.567838,1.919439
215.00,30.072865,641.310638,9484.07,7367.250842,58.300000,88.396183,1.922405
216.00,30.072810,639.675035,8844.40,7337.178032,58.300000,88.224379,1.925375
217.00,30.072755,638.036905,8206.36,7307.105276,58.300000,88.052426,1.928349
218.00,30.072700,636.396244,7569.96,7277.032576,58.300000,87.880325,1.931328
219.00,30.072645,634.753048,6935.21,7246.959931,58.300000,87.708076,1.934312
220.00,30.072590,633.107314,6302.10,7216.887342,58.300000,87.535678,1.937300
221.00,30.072534,631.459037,5670.64,7186.814807,58.300000,87.363131,1.940293
222.00,30.072479,629.808214,5040.84,7156.742328,58.300000,87.190437,1.943291
223.00,30.072424,628.154840,4412.68,7126.669904,58.300000,87.017594,1.946293
224.00,30.072368,626.498912,3786.18,7096.597536,58.300000,86.844603,1.949300
225.00,30.072312,624.840426,3161.34,7066.525224,58.300000,86.671464,1.952312
226.00,30.072257,623.179378,2538.16,7036.452967,58.300000,86.498176,1.955328
227.00,30.072201,621.515763,1916.65,7006.380766,58.300000,86.324741,1.958349
228.00,30.072145,619.849579,1296.80,6976.308621,58.300000,86.151157,1.961374
229.00,30.072089,618.180820,678.62,6946.236532,58.300000,85.977426,1.964404
230.00,30.072033,616.509483,62.11,6916.164499,58.300000,85.803547,1.967439
231.00,30.071977,614.835564,-552.73,6886.092522,58.300000,85.629520,1.970479
232.00,30.071921,613.159059,-1165.89,6856.020600,58.300000,85.455346,1.973523
233.00,30.071865,611.479963,-1777.37,6825.948735,58.300000,85.281023,1.976572
234.00,30.071809,609.798274,-2387.17,6795.876927,58.300000,85.106553,1.979625
235.00,30.071752,608.113987,-2995.28,6765.805174,58.300000,84.931936,1.982684
236.00,30.071696,606.427098,-3601.71,6735.733478,58.300000,84.757171,1.985747
237.00,30.071640,604.737602,-4206.44,6705.661839,58.300000,84.582259,1.988815
238.00,30.071583,603.045497,-4809.49,6675.590255,58.300000,84.407199,1.991887
239.00,30.071527,601.350777,-5410.84,6645.518729,58.300000,84.231992,1.994964
240.00,30.071470,599.653439,-6010.49,6615.447259,58.300000,84.056638,1.998046
241.00,30.071413,597.953479,-6608.45,6585.375846,58.300000,83.881137,2.001133
242.00,30.071356,596.250893,-7204.70,6555.304489,58.300000,83.705488,2.004225
243.00,30.071300,594.545676,-7799.24,6525.233190,58.300000,83.529693,2.007321
244.00,30.071243,592.837825,-8392.08,6495.161947,58.300000,83.353750,2.010422
245.00,30.071186,591.127335,-8983.21,6465.090761,58.300000,83.177661,2.013528
246.00,30.071129,589.414203,-9572.62,6435.019632,58.300000,83.001425,2.016639
247.00,30.071072,587.698424,-10160.32,6404.948561,58.300000,82.825042,2.019754
248.00,30.071015,585.979995,-10746.30,6374.877546,58.300000,82.648513,2.022875
249.00,30.070957,584.258910,-11330.56,6344.806589,58.300000,82.471837,2.026000
250.00,30.070900,582.535167,-11913.10,6314.735689,58.300000,82.295014,2.029130
251.00,30.070843,580.808761,-12493.91,6284.664846,58.300000,82.118045,2.032265
252.00,30.070785,579.079687,-13072.98,6254.594061,58.300000,81.940930,2.035404
253.00,30.070728,577.347943,-13650.33,6224.523333,58.300000,81.763668,2.038549
254.00,30.070670,575.613522,-14225.95,6194.452663,58.300000,81.586260,2.041698
255.00,30.070613,573.876423,-14799.82,6164.382050,58.300000,81.408706,2.044853
256.00,30.070555,572.136640,-15371.96,6134.311495,58.300000,81.231006,2.048012
257.00,30.070497,570.394168,-15942.35,6104.240998,58.300000,81.053160,2.051176
258.00,30.070439,568.649005,-16511.00,6074.170558,58.300000,80.875168,2.054345
259.00,30.070382,566.901146,-17077.90,6044.100177,58.300000,80.697031,2.057518
260.00,30.070324,565.150587,-17643.05,6014.029853,58.300000,80.518747,2.060697
261.00,30.070266,563.397323,-18206.45,5983.959587,58.300000,80.340318,2.063881
262.00,30.070208,561.641350,-18768.09,5953.889380,58.300000,80.161743,2.067069
263.00,30.070149,559.882665,-19327.98,5923.819230,58.300000,79.983023,2.070263
264.00,30.070091,558.121263,-19886.10,5893.749139,58.300000,79.804157,2.073461
265.00,30.070033,556.357139,-20442.45,5863.679106,58.300000,79.625146,2.076664
266.00,30.069975,554.590290,-20997.04,5833.609131,58.300000,79.445990,2.079872
267.00,30.069916,552.820712,-21549.86,5803.539215,58.300000,79.266688,2.083086
268.00,30.069858,551.048399,-22100.91,5773.469357,58.300000,79.087242,2.086304
269.00,30.069799,549.273349,-22650.19,5743.399558,58.300000,78.907650,2.089527
270.00,30.069741,547.495556,-23197.68,5713.329817,58.300000,78.727914,2.092755
271.00,30.069682,545.715017,-23743.40,5683.260135,58.300000,78.548033,2.095988
272.00,30.069623,543.931727,-24287.33,5653.190511,58.300000,78.368007,2.099226
273.00,30.069565,542.145682,-24829.47,5623.120947,58.300000,78.187836,2.102469
274.00,30.069506,540.356877,-25369.83,5593.051441,58.300000,78.007521,2.105718
275.00,30.069447,538.565309,-25908.40,5562.981994,58.300000,77.827061,2.108971
276.00,30.069388,536.770974,-26445.17,5532.912606,58.300000,77.646457,2.112229
277.00,30.069329,534.973866,-26980.14,5502.843277,58.300000,77.465709,2.115492
278.00,30.069270,533.173982,-27513.32,5472.774007,58.300000,77.284816,2.118760
279.00,30.069211,531.371317,-28044.69,5442.704797,58.300000,77.103780,2.122034
280.00,30.069151,529.565867,-28574.25,5412.635646,58.300000,76.922599,2.125312
281.00,30.069092,527.757628,-29102.01,5382.566554,58.300000,76.741275,2.128595
282.00,30.069033,525.946596,-29627.96,5352.497521,58.300000,76.559807,2.131884
283.00,30.068973,524.132765,-30152.09,5322.428548,58.300000,76.378195,2.135177
284.00,30.068914,522.316132,-30674.41,5292.359634,58.300000,76.196439,2.138476
285.00,30.068854,520.496693,-31194.90,5262.290780,58.300000,76.014540,2.141780
286.00,30.068794,518.674443,-31713.58,5232.221986,58.300000,75.832498,2.145089
287.00,30.068735,516.849378,-32230.43,5202.153251,58.300000,75.650312,2.148403
288.00,30.068675,515.021493,-32745.45,5172.084577,58.300000,75.467983,2.151722
289.00,30.068615,513.190784,-33258.64,5142.015962,58.300000,75.285511,2.155046
290.00,30.068555,511.357247,-33770.00,5111.947407,58.300000,75.102896,2.158375
291.00,30.068495,509.520878,-34279.52,5081.878912,58.300000,74.920137,2.161710
292.00,30.068435,507.681671,-34787.20,5051.810477,58.300000,74.737237,2.165049
293.00,30.068375,505.839623,-35293.04,5021.742102,58.300000,74.554193,2.168394
294.00,30.068315,503.994729,-35797.03,4991.673787,58.300000,74.371007,2.171744
295.00,30.068254,502.146985,-36299.18,4961.605533,58.300000,74.187678,2.175099
296.00,30.068194,500.296386,-36799.48,4931.537339,58.300000,74.004207,2.178460
297.00,30.068133,498.442928,-37297.92,4901.469206,58.300000,73.820594,2.181825
298.00,30.068073,496.586607,-37794.51,4871.401133,58.300000,73.636838,2.185196
299.00,30.068012,494.727418,-38289.23,4841.333120,58.300000,73.452941,2.188572
300.00,30.067952,492.865357,-38782.10,4811.265168,58.300000,73.268901,2.191953
301.00,30.067891,491.000419,-39273.10,4781.197277,58.300000,73.084720,2.195339
302.00,30.067830,489.132600,-39762.23,4751.129447,58.300000,72.900397,2.198731
303.00,30.067769,487.261895,-40249.49,4721.061678,58.300000,72.715932,2.202128
304.00,30.067709,485.388300,-40734.88,4690.993969,58.300000,72.531326,2.205530
305.00,30.067648,483.511811,-41218.39,4660.926322,58.300000,72.346579,2.208937
306.00,30.067586,481.632422,-41700.03,4630.858735,58.300000,72.161690,2.212350
307.00,30.067525,479.750131,-42179.78,4600.791210,58.300000,71.976660,2.215768
308.00,30.067464,477.864931,-42657.64,4570.723746,58.300000,71.791489,2.219191
309.00,30.067403,475.976818,-43133.62,4540.656343,58.300000,71.606177,2.222619
310.00,30.067341,474.085789,-43607.70,4510.589002,58.300000,71.420724,2.226053
311.00,30.067280,472.191838,-44079.90,4480.521722,58.300000,71.235130,2.229492
312.00,30.067219,470.294962,-44550.19,4450.454503,58.300000,71.049396,2.232937
313.00,30.067157,468.395154,-45018.59,4420.387346,58.300000,70.863521,2.236386
314.00,30.067095,466.492412,-45485.08,4390.320251,58.300000,70.677506,2.239841
315.00,30.067034,464.586730,-45949.66,4360.253217,58.300000,70.491351,2.243302
316.00,30.066972,462.678104,-46412.34,4330.186245,58.300000,70.305056,2.246767
317.00,30.066910,460.766530,-46873.11,4300.119336,58.300000,70.118621,2.250238
318.00,30.066848,458.852002,-47331.96,4270.052488,58.300000,69.932046,2.253715
319.00,30.066786,456.934517,-47788.90,4239.985702,58.300000,69.745331,2.257197
320.00,30.066724,455.014069,-48243.91,4209.918978,58.300000,69.558477,2.260684
321.00,30.066662,453.090654,-48697.00,4179.852316,58.300000,69.371483,2.264176
322.00,30.066599,451.164267,-49148.16,4149.785717,58.300000,69.184349,2.267674
323.00,30.066537,449.234905,-49597.40,4119.719180,58.300000,68.997077,2.271178
324.00,30.066475,447.302562,-50044.70,4089.652705,58.300000,68.809665,2.274686
325.00,30.066412,445.367233,-50490.07,4059.586293,58.300000,68.622115,2.278201
326.00,30.066350,443.428915,-50933.50,4029.519943,58.300000,68.434425,2.281720
327.00,30.066287,441.487602,-51374.99,3999.453656,58.300000,68.246597,2.285245
328.00,30.066224,439.543290,-51814.53,3969.387432,58.300000,68.058309,2.292693
329.00,30.064103,437.592642,-52252.12,3939.323328,58.300000,67.852176,2.512208
330.00,29.948494,435.455227,-52687.58,3909.374834,58.300000,67.630176,2.708161
331.00,29.731957,433.151094,-53120.73,3879.642877,58.300000,67.408176,2.710748
332.00,29.516259,430.844759,-53551.57,3850.126619,58.300000,67.191778,2.644810
333.00,29.337409,428.594525,-53980.17,3820.789209,58.300000,66.981460,2.572821
334.00,29.198535,426.405540,-54406.57,3791.590674,58.300000,66.773446,2.546932
335.00,29.075353,424.238582,-54830.81,3762.515321,58.300000,66.563326,2.575049
336.00,28.939465,422.047702,-55252.86,3733.575856,58.300000,66.349277,2.625615
337.00,28.779095,419.813800,-55672.67,3704.796761,58.300000,66.132727,2.658796
338.00,28.603421,417.551666,-56090.22,3676.193339,58.300000,65.916589,2.656211
339.00,28.431264,415.291732,-56505.52,3647.762075,58.300000,65.702878,2.628835
340.00,28.275649,413.055091,-56918.57,3619.486426,58.300000,65.491495,2.602561
341.00,28.135974,410.840803,-57329.41,3591.350452,58.300000,65.280787,2.596636
342.00,28.001525,408.631556,-57738.04,3563.348927,58.300000,65.069054,2.611673
343.00,27.861282,406.409516,-58144.45,3535.487645,58.300000,64.855752,2.633462
344.00,27.711710,404.168937,-58548.62,3507.775935,58.300000,64.641608,2.646327
345.00,27.557515,401.917412,-58950.54,3480.218420,58.300000,64.427812,2.644477
346.00,27.406441,399.667462,-59350.21,3452.811979,58.300000,64.215073,2.633856
347.00,27.263095,397.426548,-59747.63,3425.548884,58.300000,64.003220,2.625307
348.00,27.126379,395.192908,-60142.83,3398.422505,58.300000,63.791522,2.625819
349.00,26.991525,392.958832,-60535.79,3371.430980,58.300000,63.579325,2.634452
350.00,26.854266,390.717411,-60926.50,3344.576714,58.300000,63.366496,2.644762
351.00,26.713728,388.467218,-61314.97,3317.862986,58.300000,63.153397,2.650586
352.00,26.572277,386.212070,-61701.18,3291.290709,58.300000,62.940516,2.650346
353.00,26.433104,383.957126,-62085.14,3264.857605,58.300000,62.728090,2.647151
354.00,26.297761,381.704901,-62466.84,3238.559844,58.300000,62.515989,2.645561
355.00,26.165402,379.454028,-62846.30,3212.394442,58.300000,62.303889,2.648023
356.00,26.033897,377.201061,-63223.50,3186.360545,58.300000,62.091541,2.653593
357.00,25.901615,374.943354,-63598.44,3160.458930,58.300000,61.878932,2.659343
358.00,25.768465,372.680755,-63971.12,3134.690464,58.300000,61.666241,2.662880
359.00,25.635616,370.415147,-64341.54,3109.054848,58.300000,61.453664,2.663935
360.00,25.504374,368.148641,-64709.69,3083.550475,58.300000,61.241274,2.664098
361.00,25.375209,365.881997,-65075.57,3058.175266,58.300000,61.028989,2.665280
362.00,25.247585,363.614347,-65439.18,3032.927681,58.300000,60.816665,2.668273
363.00,25.120553,361.344151,-65800.53,3007.807128,58.300000,60.604211,2.672424
364.00,24.993505,359.070424,-66159.60,2982.813623,58.300000,60.391641,2.676406
365.00,24.866534,356.793307,-66516.39,2957.947090,58.300000,60.179040,2.679317
366.00,24.740206,354.513715,-66870.91,2933.206884,58.300000,59.966488,2.681234
367.00,24.615046,352.232491,-67223.14,2908.591838,58.300000,59.754001,2.682952
368.00,24.491159,349.949806,-67573.09,2884.100679,58.300000,59.541532,2.685263
369.00,24.368236,347.665154,-67920.75,2859.732442,58.300000,59.329017,2.688381
370.00,24.245855,345.377849,-68266.13,2835.486588,58.300000,59.116426,2.691908
371.00,24.123802,343.087544,-68609.22,2811.362785,58.300000,58.903772,2.695251
372.00,24.002178,340.794394,-68950.01,2787.360607,58.300000,58.691097,2.698087
373.00,23.881252,338.498832,-69288.51,2763.479355,58.300000,58.478430,2.700542
374.00,23.761226,336.201181,-69624.71,2739.718129,58.300000,58.265772,2.703008
375.00,23.642096,333.901431,-69958.61,2716.076032,58.300000,58.053097,2.705803
376.00,23.523692,331.599304,-70290.21,2692.552340,58.300000,57.840377,2.708955
377.00,23.405829,329.294495,-70619.51,2669.146511,58.300000,57.627603,2.712238
378.00,23.288439,326.986893,-70946.49,2645.858073,58.300000,57.414784,2.715392
379.00,23.171593,324.676607,-71271.17,2622.686480,58.300000,57.201941,2.718315
380.00,23.055416,322.363834,-71593.54,2599.631064,58.300000,56.989083,2.721105
381.00,22.939979,320.048688,-71913.58,2576.691084,58.300000,56.776207,2.723953
382.00,22.825255,317.731118,-72231.32,2553.865829,58.300000,56.563299,2.726979
383.00,22.711152,315.410974,-72546.73,2531.154677,58.300000,56.350348,2.730161
384.00,22.597591,313.088124,-72859.81,2508.557086,58.300000,56.137350,2.733378
385.00,22.484556,310.762535,-73170.58,2486.072531,58.300000,55.924314,2.736519
386.00,22.372089,308.434275,-73479.01,2463.700442,58.300000,55.711246,2.739560
387.00,22.260245,306.103426,-73785.11,2441.440197,58.300000,55.498150,2.742568
388.00,22.149044,303.770019,-74088.88,2419.291153,58.300000,55.285023,2.745630
389.00,22.038461,301.434007,-74390.32,2397.252692,58.300000,55.071857,2.748787
390.00,21.928448,299.095308,-74689.41,2375.324244,58.300000,54.858647,2.752013
391.00,21.818971,296.753865,-74986.17,2353.505272,58.300000,54.645394,2.755245
392.00,21.710030,294.409672,-75280.58,2331.795242,58.300000,54.432102,2.758438
393.00,21.601648,292.062763,-75572.64,2310.193594,58.300000,54.218773,2.761594
394.00,21.493847,289.713168,-75862.35,2288.699748,58.300000,54.005408,2.764751
395.00,21.386628,287.360887,-76149.71,2267.313120,58.300000,53.792004,2.767950
396.00,21.279973,285.005885,-76434.72,2246.033147,58.300000,53.578558,2.771200
397.00,21.173856,282.648117,-76717.37,2224.859291,58.300000,53.365068,2.774482
398.00,21.068265,280.287556,-76997.66,2203.791026,58.300000,53.151534,2.777765
399.00,20.963201,277.924203,-77275.58,2182.827826,58.300000,52.937959,2.781031
400.00,20.858675,275.558071,-77551.14,2161.969150,58.300000,52.724343,2.784288
401.00,20.754696,273.189168,-77824.33,2141.214454,58.300000,52.510686,2.787559
402.00,20.651258,270.817482,-78095.14,2120.563196,58.300000,52.296987,2.790859
403.00,20.548349,268.442988,-78363.59,2100.014846,58.300000,52.083242,2.794188
404.00,20.445957,266.065662,-78629.65,2079.568890,58.300000,51.869453,2.797534
405.00,20.344074,263.685489,-78893.34,2059.224816,58.300000,51.655619,2.800881
406.00,20.242703,261.302468,-79154.64,2038.982113,58.300000,51.441741,2.804226
407.00,20.141849,258.916602,-79413.56,2018.840264,58.300000,51.227819,2.807573
408.00,20.041512,256.527887,-79670.09,1998.798752,58.300000,51.013853,2.810936
409.00,19.941687,254.136311,-79924.22,1978.857065,58.300000,50.796922,2.852751
410.00,19.822171,251.709159,-80175.93,1959.034894,58.300000,50.575896,2.909581
411.00,19.675108,249.233655,-80425.16,1939.359786,58.300000,50.353950,2.924702
412.00,19.522462,246.745286,-80671.91,1919.837324,58.300000,50.137035,2.861292
413.00,19.405510,244.310867,-80916.22,1900.431814,58.300000,49.929093,2.745585
414.00,19.351682,241.974893,-81158.20,1881.080132,58.300000,49.727127,2.669178
415.00,19.340232,239.703927,-81397.90,1861.739900,58.300000,49.520875,2.728453
416.00,19.299802,237.382529,-81635.28,1842.440098,58.300000,49.299532,2.931120
417.00,19.155090,234.888699,-81870.17,1823.285008,58.300000,49.077532,2.942859
418.00,19.006590,232.384882,-82102.56,1804.278418,58.300000,48.855532,2.945914
419.00,18.858873,229.878466,-82332.43,1785.419545,58.300000,48.635658,2.920694
420.00,18.726800,227.393507,-82559.83,1766.692745,58.300000,48.421052,2.853601
421.00,18.632353,224.965631,-82784.79,1748.060392,58.300000,48.212198,2.779828
422.00,18.578989,222.600523,-83007.39,1729.481403,58.300000,48.004649,2.765160
423.00,18.535589,220.247894,-83227.64,1710.945814,58.300000,47.790829,2.851551
424.00,18.449037,217.821763,-83445.46,1692.496777,58.300000,47.568829,2.963746
425.00,18.305845,215.300175,-83660.76,1674.190932,58.300000,47.346829,2.966844
426.00,18.163431,212.775951,-83873.54,1656.027501,58.300000,47.127243,2.937624
427.00,18.038779,210.276588,-84083.82,1637.988722,58.300000,46.913102,2.867677
428.00,17.953268,207.836736,-84291.65,1620.035454,58.300000,46.704402,2.797560
429.00,17.906929,205.456541,-84497.11,1602.128525,58.300000,46.496169,2.794063
430.00,17.864698,203.079322,-84700.19,1584.263826,58.300000,46.280806,2.892669
431.00,17.772921,200.618207,-84900.81,1566.490905,58.300000,46.058806,2.984950
432.00,17.635001,198.078578,-85098.89,1548.855904,58.300000,45.836806,2.988093
433.00,17.497853,195.536276,-85294.42,1531.358051,58.300000,45.617189,2.959091
434.00,17.378370,193.018648,-85487.44,1513.979681,58.300000,45.402871,2.890646
435.00,17.297255,190.559254,-85678.00,1496.682426,58.300000,45.193746,2.823412
436.00,17.252721,188.157740,-85866.16,1479.429705,58.273893,44.984861,2.822969
437.00,17.205420,185.759883,-86051.92,1462.224285,58.147528,44.769020,2.919979
438.00,17.105249,183.282090,-86235.20,1445.119036,58.055946,44.547020,3.006485
439.00,16.956714,180.733990,-86415.93,1428.162322,57.944526,44.325020,3.009674
440.00,16.804096,178.186213,-86594.12,1411.358227,57.836143,44.109287,2.927739
441.00,16.692577,175.710916,-86769.83,1394.665650,57.721665,43.904559,2.781101
442.00,16.656931,173.362633,-86943.19,1378.008719,57.604685,43.707839,2.674833
443.00,16.675679,171.107121,-87114.30,1361.333040,57.483300,43.507184,2.730963
444.00,16.661373,168.807494,-87283.11,1344.671666,57.357992,43.289374,2.967561
445.00,16.516019,166.312250,-87449.42,1328.155648,57.228932,43.067374,3.027865
446.00,16.334554,163.770074,-87613.19,1311.821094,57.097200,42.845375,3.031087
447.00,16.147800,161.229063,-87774.42,1295.673294,56.962805,42.633775,2.892034
448.00,16.033494,158.808395,-87933.23,1279.639801,56.825961,42.439977,2.651220
449.00,16.047857,156.592837,-88089.82,1263.591943,56.686184,42.257923,2.492733
450.00,16.146171,154.513155,-88244.33,1247.445772,56.542805,42.066667,2.621156
451.00,16.170051,152.330052,-88396.66,1231.275721,56.395526,41.844667,3.045764
452.00,15.954359,149.797736,-88546.46,1215.321362,56.245113,41.622667,3.049036
453.00,15.732550,147.267200,-88693.73,1199.588813,56.093224,41.406134,2.977077
454.00,15.546670,144.800853,-88838.53,1184.042143,55.939402,41.205061,2.767202
455.00,15.474465,142.512597,-88981.04,1168.567678,55.783725,41.022430,2.515640
456.00,15.540158,140.436278,-89121.48,1153.027520,55.625422,40.844977,2.446412
457.00,15.641230,138.421001,-89259.90,1137.386289,55.463833,40.647462,2.725612
458.00,15.579486,136.180182,-89396.08,1121.806803,55.299003,40.425462,3.066806
459.00,15.318310,133.663949,-89529.74,1106.488493,55.132235,40.203462,3.070124
460.00,15.050277,131.150137,-89660.89,1091.438216,54.964666,39.996055,2.871224
461.00,14.891917,128.804045,-89789.70,1076.546299,54.796061,39.816664,2.485540
462.00,14.952110,126.777363,-89916.48,1061.594189,54.625828,39.658471,2.193550
463.00,15.177872,124.992614,-90041.47,1046.416318,54.452617,39.487858,2.367719
464.00,15.298137,123.070414,-90164.54,1031.118180,54.275719,39.265887,3.083813
465.00,14.994286,120.572515,-90285.11,1016.123894,54.096232,39.043887,3.087571
466.00,14.682804,118.077247,-90403.19,1001.441090,53.917065,38.830886,2.965508
467.00,14.438079,115.686119,-90518.87,987.003011,53.737269,38.643445,2.612051
468.00,14.398079,113.584862,-90632.46,972.604932,53.556887,38.485470,2.203142
469.00,14.597348,111.816727,-90744.28,958.007584,53.374441,38.331811,2.144572
470.00,14.827675,110.099754,-90854.38,943.179909,53.188722,38.137334,2.716859
471.00,14.709579,107.929975,-90962.31,928.470331,52.999955,37.915334,3.104743
472.00,14.351940,105.456602,-91067.76,914.118391,52.810756,37.693334,3.108144
473.00,13.986461,102.986721,-91170.75,900.131930,52.622040,37.493225,2.804416
474.00,13.800405,100.763806,-91271.51,886.331525,52.433684,37.335469,2.212595
475.00,13.971508,99.014460,-91370.53,872.360018,52.244512,37.207750,1.792439
476.00,14.396790,97.600992,-91468.13,857.963227,52.052310,37.053965,2.159905
477.00,14.591622,95.902311,-91564.03,843.371605,51.855959,36.831965,3.121408
478.00,14.185725,93.454136,-91657.48,829.185880,51.657610,36.609965,3.124846
479.00,13.771636,91.009928,-91748.49,815.414244,51.461082,36.396205,3.012050
480.00,13.422107,88.660380,-91837.15,801.992137,51.265077,36.214526,2.562319
481.00,13.349423,86.667121,-91923.82,788.642714,51.069819,36.076481,1.948264
482.00,13.659303,85.155753,-92008.98,774.983412,50.873207,35.951483,1.765221
483.00,14.081357,83.790278,-92092.77,760.902055,50.673150,35.771394,2.545507
484.00,14.003225,81.826964,-92174.59,746.898829,50.469535,35.549394,3.141371
485.00,13.539121,79.411178,-92254.01,733.359708,50.266217,35.327394,3.144852
486.00,13.066605,76.999799,-92331.01,720.293103,50.064725,35.129493,2.806226
487.00,12.806259,74.854370,-92405.86,707.486844,49.864711,34.983736,2.068353
488.00,13.018083,73.277724,-92479.14,694.468761,49.664860,34.879516,1.479689
489.00,13.608443,72.153196,-92551.29,680.860318,49.462120,34.745566,1.903059
490.00,13.919478,70.711403,-92622.00,666.940840,49.254702,34.523566,3.157522
491.00,13.404377,68.326752,-92690.33,653.536464,49.045335,34.301566,3.161039
492.00,12.880674,65.946912,-92756.28,640.655790,48.839316,34.090015,3.015459
493.00,12.446968,63.683773,-92819.96,628.208822,48.634775,33.920480,2.418619
494.00,12.403432,61.874238,-92881.83,615.805390,48.431994,33.807693,1.609945
495.00,12.893902,60.673538,-92942.51,602.911488,48.227976,33.706868,1.439945
496.00,13.494870,59.603118,-93002.11,589.416618,48.019777,33.521190,2.654240
497.00,13.277353,57.636609,-93059.75,576.139264,47.807561,33.299190,3.177018
498.00,12.701988,55.290618,-93115.04,563.437276,47.597493,33.077190,3.180578
499.00,12.117968,52.949780,-93167.99,551.319308,47.389978,32.887505,2.720213
500.00,11.840705,50.954357,-93218.94,539.478603,47.185160,32.766033,1.743055
501.00,12.224901,49.679965,-93268.62,527.253701,46.980807,32.693151,1.046201
502.00,13.082964,48.917658,-93317.54,514.170737,46.772746,32.565280,1.836752
503.00,13.395323,47.584029,-93365.12,500.775414,46.558816,32.343280,3.192407
504.00,12.768113,45.274335,-93410.40,488.007301,46.343880,32.121280,3.196002
505.00,12.078703,43.022749,-93453.42,475.928598,44.789228,31.899280,3.199605
506.00,11.356667,40.801550,-93494.22,464.571931,43.964322,31.709446,2.738652
507.00,10.933985,38.936832,-93533.16,453.637946,42.913144,31.587221,1.764380
508.00,11.208915,37.754822,-93570.91,442.429031,42.061615,31.514441,1.051003
509.00,12.003894,37.062775,-93607.98,430.425137,41.182746,31.388623,1.818087
510.00,12.205053,35.885538,-93643.86,418.220084,40.354462,31.166623,3.211556
511.00,11.316316,33.840777,-93677.70,406.903768,39.545350,30.944623,3.215194
512.00,10.400124,31.826350,-93709.53,396.503644,38.794835,30.763001,2.632834
513.00,9.919468,30.202334,-93739.73,386.584177,38.085147,30.668523,1.370244
514.00,10.424274,29.369866,-93769.10,376.159903,37.411335,30.632067,0.528841
515.00,11.594479,29.053495,-93798.16,364.565424,36.743452,30.506706,1.819640
516.00,11.717896,27.982210,-93826.14,352.847527,36.067284,30.284706,3.226059
517.00,10.683870,26.112961,-93852.25,342.163657,35.409880,30.062706,3.229731
518.00,9.628548,24.270166,-93876.52,332.535110,34.790160,29.879421,2.669012
519.00,9.020008,22.769804,-93899.29,323.515101,34.204005,29.789523,1.309696
520.00,9.529961,22.044202,-93921.33,313.985140,33.643505,29.770702,0.274220
521.00,10.901154,21.894533,-93943.23,303.083986,33.079227,29.661717,1.588816
522.00,11.162162,21.041032,-93964.27,291.921824,32.492763,29.439717,3.240079
523.00,10.013815,19.328105,-93983.60,281.908009,31.915508,29.217717,3.243782
524.00,8.847837,17.639381,-94001.24,273.060172,31.372737,29.035200,2.669380
525.00,8.161537,16.270166,-94017.51,264.898635,30.859459,28.953408,1.196749
526.00,8.735473,15.665128,-94033.17,256.163162,30.369045,28.951537,0.027372
527.00,10.318791,15.651496,-94048.82,245.844371,29.868633,28.849616,1.492061
528.00,10.625153,14.920460,-94063.74,235.219218,29.337345,28.627616,3.253668
529.00,9.382039,13.352387,-94077.10,225.837179,28.812183,28.405616,3.257403
530.00,8.123784,11.807062,-94088.90,217.713395,28.320544,28.222982,2.682321
531.00,7.363048,10.553677,-94099.46,210.350347,27.857653,28.146555,1.122909
532.00,7.978199,10.036613,-94109.49,202.372148,27.417332,28.146555,0.000000
533.00,9.590623,10.036613,-94119.53,192.781525,26.963871,28.040364,1.561093
534.00,9.805706,9.340590,-94128.87,182.975819,26.478110,27.818364,3.267324
535.00,8.482142,7.908292,-94136.78,174.493677,25.999969,27.596364,3.271090
536.00,7.145536,6.497168,-94143.28,167.348141,25.555967,27.431285,2.434461
537.00,6.557528,5.462844,-94148.74,160.790613,25.142300,27.395033,0.534730
538.00,7.688686,5.239013,-94153.98,153.101927,24.745332,27.395033,0.000000
539.00,9.305688,5.239013,-94159.22,143.796239,24.321485,27.207022,2.775886
540.00,8.384190,4.115818,-94163.33,135.412050,23.867677,26.985022,3.281506
541.00,6.991810,2.809889,-94166.14,128.420240,23.451119,26.763022,3.285305
542.00,5.588354,1.523008,-94167.67,122.831886,23.060821,26.652357,1.638641
543.00,5.698757,0.000000,-94167.67,117.133129,22.710187,26.652357,0.000000
544.00,7.320757,0.000000,-94167.67,109.812371,22.354544,26.652357,0.000000
545.00,8.942757,0.000000,-94167.67,100.869614,21.966312,26.430357,3.291014
546.00,7.503727,0.000000,-94167.67,93.365887,21.546817,26.208357,3.294835
547.00,6.009351,0.000000,-94167.67,87.356537,18.943919,26.016758,2.846480
548.00,4.915290,0.000000,-94167.67,82.441247,17.411120,25.935518,1.207459
549.00,5.373474,0.000000,-94167.67,77.067772,15.451694,25.935518,0.000000
550.00,6.995474,0.000000,-94167.67,70.072298,13.513300,25.844416,1.354673
551.00,7.287522,0.000000,-94167.67,62.784776,10.962671,25.622416,3.304963
552.00,5.640556,0.000000,-94167.67,57.144220,8.464047,25.400416,3.308816
553.00,3.973751,0.000000,-94167.67,53.170469,6.304704,25.260677,2.084285
554.00,3.517903,0.000000,-94167.67,49.652566,4.503922,25.260677,0.000000
555.00,5.139903,0.000000,-94167.67,44.512662,2.900963,25.260677,0.000000
556.00,6.761903,0.000000,-94167.67,37.750759,2.367130,25.038677,3.315115
557.00,5.070112,0.000000,-94167.67,32.680647,1.619014,24.816677,3.318992
558.00,3.373917,0.000000,-94167.67,29.306730,1.255745,24.621082,2.927242
559.00,2.069023,0.000000,-94167.67,27.237707,0.883757,24.546580,1.115428
560.00,2.575670,0.000000,-94167.67,24.662037,0.663989,24.546580,0.000000
561.00,4.197670,0.000000,-94167.67,20.464367,0.471194,24.456183,1.354040
562.00,4.465654,0.000000,-94167.67,15.998713,0.344695,24.234183,3.329208
563.00,2.758476,0.000000,-94167.67,13.240237,0.242253,24.012183,3.333118
564.00,1.047372,0.000000,-94167.67,12.192865,0.171148,23.891694,1.810183
565.00,0.859193,0.000000,-94167.67,11.333672,0.115938,23.891694,0.000000
566.00,2.481193,0.000000,-94167.67,8.852480,0.076446,23.891694,0.000000
567.00,4.103193,0.000000,-94167.67,4.749287,0.046459,23.669694,3.339169
568.00,2.386024,0.000000,-94167.67,2.363263,0.024661,23.447694,3.343103
569.00,0.664921,0.000000,-94167.67,1.698341,0.008305,23.256612,2.880422
570.00,-0.593501,0.000000,-94167.67,2.291842,0.000000,23.223231,0.503285
571.00,0.525214,0.000000,-94167.67,1.766628,0.000000,23.223231,0.000000
